<?xml version="1.0" encoding="UTF-8"?>
<!DOCTYPE nmaprun>
<?xml-stylesheet href="file:///usr/bin/../share/nmap/nmap.xsl" type="text/xsl"?>
<!-- Nmap 7.80 scan initiated Sun May  5 15:32:52 2024 as: nmap -p 1-65535 -A -sV -&#45;version-all -O -&#45;osscan-guess -oX RaspberryPi4_ModelB_A.xml raspberrypi.local -->
<nmaprun scanner="nmap" args="nmap -p 1-65535 -A -sV -&#45;version-all -O -&#45;osscan-guess -oX RaspberryPi4_ModelB_A.xml raspberrypi.local" start="1714912372" startstr="Sun May  5 15:32:52 2024" version="7.80" xmloutputversion="1.04">
<scaninfo type="syn" protocol="tcp" numservices="65535" services="1-65535"/>
<verbose level="0"/>
<debugging level="0"/>
<host starttime="1714912372" endtime="1714912384"><status state="up" reason="arp-response" reason_ttl="0"/>
<address addr="192.168.0.101" addrtype="ipv4"/>
<address addr="D8:3A:DD:37:BF:91" addrtype="mac"/>
<hostnames>
<hostname name="raspberrypi.local" type="user"/>
</hostnames>
<ports><extraports state="closed" count="65534">
<extrareasons reason="resets" count="65534"/>
</extraports>
<port protocol="tcp" portid="22"><state state="open" reason="syn-ack" reason_ttl="64"/><service name="ssh" product="OpenSSH" version="9.2p1 Debian 2+deb12u2" extrainfo="protocol 2.0" ostype="Linux" method="probed" conf="10"><cpe>cpe:/a:openbsd:openssh:9.2p1</cpe><cpe>cpe:/o:linux:linux_kernel</cpe></service></port>
</ports>
<os><portused state="open" proto="tcp" portid="22"/>
<portused state="closed" proto="tcp" portid="1"/>
<portused state="closed" proto="udp" portid="33629"/>
<osmatch name="Linux 2.6.32" accuracy="96" line="55173">
<osclass type="general purpose" vendor="Linux" osfamily="Linux" osgen="2.6.X" accuracy="96"><cpe>cpe:/o:linux:linux_kernel:2.6.32</cpe></osclass>
</osmatch>
<osmatch name="Linux 3.2 - 4.9" accuracy="96" line="65105">
<osclass type="general purpose" vendor="Linux" osfamily="Linux" osgen="3.X" accuracy="96"><cpe>cpe:/o:linux:linux_kernel:3</cpe></osclass>
<osclass type="general purpose" vendor="Linux" osfamily="Linux" osgen="4.X" accuracy="96"><cpe>cpe:/o:linux:linux_kernel:4</cpe></osclass>
</osmatch>
<osmatch name="Linux 2.6.32 - 3.10" accuracy="96" line="56381">
<osclass type="general purpose" vendor="Linux" osfamily="Linux" osgen="2.6.X" accuracy="96"><cpe>cpe:/o:linux:linux_kernel:2.6</cpe></osclass>
<osclass type="general purpose" vendor="Linux" osfamily="Linux" osgen="3.X" accuracy="96"><cpe>cpe:/o:linux:linux_kernel:3</cpe></osclass>
</osmatch>
<osmatch name="Linux 3.4 - 3.10" accuracy="95" line="65366">
<osclass type="general purpose" vendor="Linux" osfamily="Linux" osgen="3.X" accuracy="95"><cpe>cpe:/o:linux:linux_kernel:3</cpe></osclass>
</osmatch>
<osmatch name="Linux 3.1" accuracy="95" line="62708">
<osclass type="general purpose" vendor="Linux" osfamily="Linux" osgen="3.X" accuracy="95"><cpe>cpe:/o:linux:linux_kernel:3.1</cpe></osclass>
</osmatch>
<osmatch name="Linux 3.2" accuracy="95" line="64455">
<osclass type="general purpose" vendor="Linux" osfamily="Linux" osgen="3.X" accuracy="95"><cpe>cpe:/o:linux:linux_kernel:3.2</cpe></osclass>
</osmatch>
<osmatch name="AXIS 210A or 211 Network Camera (Linux 2.6.17)" accuracy="94" line="61606">
<osclass type="webcam" vendor="Linux" osfamily="Linux" osgen="2.6.X" accuracy="94"><cpe>cpe:/o:linux:linux_kernel:2.6.17</cpe></osclass>
<osclass type="webcam" vendor="AXIS" osfamily="embedded" accuracy="94"><cpe>cpe:/h:axis:210a_network_camera</cpe><cpe>cpe:/h:axis:211_network_camera</cpe></osclass>
</osmatch>
<osmatch name="Synology DiskStation Manager 5.2-5644" accuracy="94" line="101159">
<osclass type="storage-misc" vendor="Synology" osfamily="DiskStation Manager" osgen="5.X" accuracy="94"><cpe>cpe:/a:synology:diskstation_manager:5.2</cpe></osclass>
</osmatch>
<osmatch name="Netgear RAIDiator 4.2.28" accuracy="94" line="88023">
<osclass type="storage-misc" vendor="Netgear" osfamily="RAIDiator" osgen="4.X" accuracy="94"><cpe>cpe:/o:netgear:raidiator:4.2.28</cpe></osclass>
</osmatch>
<osmatch name="Linux 2.6.32 - 2.6.35" accuracy="94" line="56153">
<osclass type="general purpose" vendor="Linux" osfamily="Linux" osgen="2.6.X" accuracy="94"><cpe>cpe:/o:linux:linux_kernel:2.6</cpe></osclass>
</osmatch>
<osfingerprint fingerprint="OS:SCAN(V=7.80%E=4%D=5/5%OT=22%CT=1%CU=33629%PV=Y%DS=1%DC=D%G=Y%M=D83ADD%TM&#xa;OS:=66377C80%P=x86_64-pc-linux-gnu)SEQ(SP=103%GCD=2%ISR=108%TI=Z%CI=Z%II=I%&#xa;OS:TS=A)OPS(O1=M5B4ST11NW7%O2=M5B4ST11NW7%O3=M5B4NNT11NW7%O4=M5B4ST11NW7%O5&#xa;OS:=M5B4ST11NW7%O6=M5B4ST11)WIN(W1=7C70%W2=7C70%W3=7C70%W4=7C70%W5=7C70%W6=&#xa;OS:7C70)ECN(R=Y%DF=Y%T=40%W=7D78%O=M5B4NNSNW7%CC=Y%Q=)T1(R=Y%DF=Y%T=40%S=O%&#xa;OS:A=S+%F=AS%RD=0%Q=)T2(R=N)T3(R=N)T4(R=Y%DF=Y%T=40%W=0%S=A%A=Z%F=R%O=%RD=0&#xa;OS:%Q=)T5(R=Y%DF=Y%T=40%W=0%S=Z%A=S+%F=AR%O=%RD=0%Q=)T6(R=Y%DF=Y%T=40%W=0%S&#xa;OS:=A%A=Z%F=R%O=%RD=0%Q=)T7(R=Y%DF=Y%T=40%W=0%S=Z%A=S+%F=AR%O=%RD=0%Q=)U1(R&#xa;OS:=Y%DF=N%T=40%IPL=164%UN=0%RIPL=G%RID=G%RIPCK=G%RUCK=G%RUD=G)IE(R=Y%DFI=N&#xa;OS:%T=40%CD=S)&#xa;"/>
</os>
<uptime seconds="1098001" lastboot="Mon Apr 22 22:33:03 2024"/>
<distance value="1"/>
<tcpsequence index="259" difficulty="Good luck!" values="8259DDA9,AE2BC31D,D96F8B75,946E02C,9A27E04D,AE561F5C"/>
<ipidsequence class="All zeros" values="0,0,0,0,0,0"/>
<tcptssequence class="1000HZ" values="41722724,41722788,417227ED,41722851,417228B5,41722919"/>
<trace>
<hop ttl="1" ipaddr="192.168.0.101" rtt="0.18"/>
</trace>
<times srtt="183" rttvar="24" to="100000"/>
</host>
<runstats><finished time="1714912384" timestr="Sun May  5 15:33:04 2024" elapsed="12.62" summary="Nmap done at Sun May  5 15:33:04 2024; 1 IP address (1 host up) scanned in 12.62 seconds" exit="success"/><hosts up="1" down="0" total="1"/>
</runstats>
</nmaprun>
