<?xml version="1.0" encoding="UTF-8"?>
<!DOCTYPE nmaprun>
<?xml-stylesheet href="file:///usr/bin/../share/nmap/nmap.xsl" type="text/xsl"?>
<!-- Nmap 7.93 scan initiated Sat May 11 19:28:10 2024 as: nmap -p 1-65535 -sT -sV -&#45;version-all -O -&#45;osscan-guess -oX zyxel_tcp-only.xml 192.168.10.1 -->
<nmaprun scanner="nmap" args="nmap -p 1-65535 -sT -sV -&#45;version-all -O -&#45;osscan-guess -oX zyxel_tcp-only.xml 192.168.10.1" start="1715444890" startstr="Sat May 11 19:28:10 2024" version="7.93" xmloutputversion="1.05">
<scaninfo type="connect" protocol="tcp" numservices="65535" services="1-65535"/>
<verbose level="0"/>
<debugging level="0"/>
<hosthint><status state="up" reason="arp-response" reason_ttl="0"/>
<address addr="192.168.10.1" addrtype="ipv4"/>
<address addr="68:13:24:A0:3B:DA" addrtype="mac" vendor="Huawei Device"/>
<hostnames>
</hostnames>
</hosthint>
<host starttime="1715444891" endtime="1715444993"><status state="up" reason="arp-response" reason_ttl="0"/>
<address addr="192.168.10.1" addrtype="ipv4"/>
<address addr="68:13:24:A0:3B:DA" addrtype="mac" vendor="Huawei Device"/>
<hostnames>
<hostname name="dna.mokkula" type="PTR"/>
</hostnames>
<ports><extraports state="closed" count="65528">
<extrareasons reason="conn-refused" count="65528" proto="tcp" ports="1-52,54-79,81-442,444-2999,3001-7546,7548-20248,20250-37214,37216-65535"/>
</extraports>
<port protocol="tcp" portid="53"><state state="open" reason="syn-ack" reason_ttl="0"/><service name="tcpwrapped" method="probed" conf="8"/></port>
<port protocol="tcp" portid="80"><state state="open" reason="syn-ack" reason_ttl="0"/><service name="http" servicefp="SF-Port80-TCP:V=7.93%I=9%D=5/11%Time=663F9CAE%P=aarch64-unknown-linux-gnu%r(GetRequest,104,&quot;HTTP/1\.1\x20404\x20\r\nContent-Type:\x20text/plain\r\nX-Download-Options:\x20noopen\r\nX-Frame-Options:\x20SAMEORIGIN\r\nX-XSS-Protection:\x201;\x20mode=block\r\nContent-Security-Policy:\x20default-src\x20&apos;self&apos;\x20&apos;unsafe-inline&apos;\x20&apos;unsafe-eval&apos;\r\nX-Content-Type-Options:\x20nosniff\r\nContent-Length:\x200\r\n\r\n&quot;)%r(HTTPOptions,24,&quot;HTTP/1\.1\x20405\x20\r\nContent-Length:\x200\r\n\r\n&quot;)%r(RTSPRequest,24,&quot;HTTP/1\.1\x20405\x20\r\nContent-Length:\x200\r\n\r\n&quot;)%r(X11Probe,24,&quot;HTTP/1\.1\x20405\x20\r\nContent-Length:\x200\r\n\r\n&quot;)%r(FourOhFourRequest,104,&quot;HTTP/1\.1\x20404\x20\r\nContent-Type:\x20text/plain\r\nX-Download-Options:\x20noopen\r\nX-Frame-Options:\x20SAMEORIGIN\r\nX-XSS-Protection:\x201;\x20mode=block\r\nContent-Security-Policy:\x20default-src\x20&apos;self&apos;\x20&apos;unsafe-inline&apos;\x20&apos;unsafe-eval&apos;\r\nX-Content-Type-Options:\x20nosniff\r\nContent-Length:\x200\r\n\r\n&quot;)%r(GenericLines,24,&quot;HTTP/1\.1\x20405\x20\r\nContent-Length:\x200\r\n\r\n&quot;)%r(RPCCheck,24,&quot;HTTP/1\.1\x20405\x20\r\nContent-Length:\x200\r\n\r\n&quot;)%r(DNSVersionBindReqTCP,24,&quot;HTTP/1\.1\x20405\x20\r\nContent-Length:\x200\r\n\r\n&quot;)%r(DNSStatusRequestTCP,24,&quot;HTTP/1\.1\x20405\x20\r\nContent-Length:\x200\r\n\r\n&quot;)%r(Hello,24,&quot;HTTP/1\.1\x20405\x20\r\nContent-Length:\x200\r\n\r\n&quot;)%r(Help,24,&quot;HTTP/1\.1\x20405\x20\r\nContent-Length:\x200\r\n\r\n&quot;)%r(SSLSessionReq,24,&quot;HTTP/1\.1\x20405\x20\r\nContent-Length:\x200\r\n\r\n&quot;)%r(TerminalServerCookie,24,&quot;HTTP/1\.1\x20405\x20\r\nContent-Length:\x200\r\n\r\n&quot;)%r(TLSSessionReq,24,&quot;HTTP/1\.1\x20405\x20\r\nContent-Length:\x200\r\n\r\n&quot;)%r(SSLv23SessionReq,24,&quot;HTTP/1\.1\x20405\x20\r\nContent-Length:\x200\r\n\r\n&quot;)%r(Kerberos,24,&quot;HTTP/1\.1\x20405\x20\r\nContent-Length:\x200\r\n\r\n&quot;)%r(SMBProgNeg,24,&quot;HTTP/1\.1\x20405\x20\r\nContent-Length:\x200\r\n\r\n&quot;)%r(LPDString,24,&quot;HTTP/1\.1\x20405\x20\r\nContent-Length:\x200\r\n\r\n&quot;)%r(LDAPSearchReq,24,&quot;HTTP/1\.1\x20405\x20\r\nContent-Length:\x200\r\n\r\n&quot;)%r(LDAPBindReq,24,&quot;HTTP/1\.1\x20405\x20\r\nContent-Length:\x200\r\n\r\n&quot;);" method="probed" conf="10"/></port>
<port protocol="tcp" portid="443"><state state="open" reason="syn-ack" reason_ttl="0"/><service name="https" servicefp="SF-Port443-TCP:V=7.93%T=SSL%I=9%D=5/11%Time=663F9CB3%P=aarch64-unknown-linux-gnu%r(GetRequest,131,&quot;HTTP/1\.1\x20404\x20\r\nContent-Type:\x20text/plain\r\nX-Download-Options:\x20noopen\r\nX-Frame-Options:\x20SAMEORIGIN\r\nX-XSS-Protection:\x201;\x20mode=block\r\nContent-Security-Policy:\x20default-src\x20&apos;self&apos;\x20&apos;unsafe-inline&apos;\x20&apos;unsafe-eval&apos;\r\nX-Content-Type-Options:\x20nosniff\r\nStrict-Transport-Security:\x20max-age=31536000\r\nContent-Length:\x200\r\n\r\n&quot;)%r(HTTPOptions,24,&quot;HTTP/1\.1\x20405\x20\r\nContent-Length:\x200\r\n\r\n&quot;)%r(FourOhFourRequest,131,&quot;HTTP/1\.1\x20404\x20\r\nContent-Type:\x20text/plain\r\nX-Download-Options:\x20noopen\r\nX-Frame-Options:\x20SAMEORIGIN\r\nX-XSS-Protection:\x201;\x20mode=block\r\nContent-Security-Policy:\x20default-src\x20&apos;self&apos;\x20&apos;unsafe-inline&apos;\x20&apos;unsafe-eval&apos;\r\nX-Content-Type-Options:\x20nosniff\r\nStrict-Transport-Security:\x20max-age=31536000\r\nContent-Length:\x200\r\n\r\n&quot;)%r(GenericLines,24,&quot;HTTP/1\.1\x20405\x20\r\nContent-Length:\x200\r\n\r\n&quot;)%r(RTSPRequest,24,&quot;HTTP/1\.1\x20405\x20\r\nContent-Length:\x200\r\n\r\n&quot;)%r(RPCCheck,24,&quot;HTTP/1\.1\x20405\x20\r\nContent-Length:\x200\r\n\r\n&quot;)%r(DNSVersionBindReqTCP,24,&quot;HTTP/1\.1\x20405\x20\r\nContent-Length:\x200\r\n\r\n&quot;)%r(DNSStatusRequestTCP,24,&quot;HTTP/1\.1\x20405\x20\r\nContent-Length:\x200\r\n\r\n&quot;)%r(Hello,24,&quot;HTTP/1\.1\x20405\x20\r\nContent-Length:\x200\r\n\r\n&quot;)%r(Help,24,&quot;HTTP/1\.1\x20405\x20\r\nContent-Length:\x200\r\n\r\n&quot;)%r(SSLSessionReq,24,&quot;HTTP/1\.1\x20405\x20\r\nContent-Length:\x200\r\n\r\n&quot;)%r(TerminalServerCookie,24,&quot;HTTP/1\.1\x20405\x20\r\nContent-Length:\x200\r\n\r\n&quot;)%r(TLSSessionReq,24,&quot;HTTP/1\.1\x20405\x20\r\nContent-Length:\x200\r\n\r\n&quot;)%r(SSLv23SessionReq,24,&quot;HTTP/1\.1\x20405\x20\r\nContent-Length:\x200\r\n\r\n&quot;)%r(Kerberos,24,&quot;HTTP/1\.1\x20405\x20\r\nContent-Length:\x200\r\n\r\n&quot;)%r(SMBProgNeg,24,&quot;HTTP/1\.1\x20405\x20\r\nContent-Length:\x200\r\n\r\n&quot;)%r(X11Probe,24,&quot;HTTP/1\.1\x20405\x20\r\nContent-Length:\x200\r\n\r\n&quot;)%r(LPDString,24,&quot;HTTP/1\.1\x20405\x20\r\nContent-Length:\x200\r\n\r\n&quot;)%r(LDAPSearchReq,24,&quot;HTTP/1\.1\x20405\x20\r\nContent-Length:\x200\r\n\r\n&quot;);" tunnel="ssl" method="probed" conf="10"/></port>
<port protocol="tcp" portid="3000"><state state="filtered" reason="no-response" reason_ttl="0"/><service name="ppp" method="table" conf="3"/></port>
<port protocol="tcp" portid="7547"><state state="filtered" reason="no-response" reason_ttl="0"/><service name="cwmp" method="table" conf="3"/></port>
<port protocol="tcp" portid="20249"><state state="filtered" reason="no-response" reason_ttl="0"/></port>
<port protocol="tcp" portid="37215"><state state="open" reason="syn-ack" reason_ttl="0"/><service name="upnp" servicefp="SF-Port37215-TCP:V=7.93%I=9%D=5/11%Time=663F9CA9%P=aarch64-unknown-linux-gnu%r(GenericLines,24,&quot;HTTP/1\.1\x20405\x20\r\nContent-Length:\x200\r\n\r\n&quot;)%r(GetRequest,AC,&quot;HTTP/1\.1\x20404\x20\r\nContent-Type:\x20text/xml;\x20charset=\&quot;utf-8\&quot;\r\nServer:\x20Linux\x20UPnP/1\.0\x20Huawei-ATP-IGD\r\nDate:\x20Sat,\x2011\x20May\x202024\x2019:28:14\x20GMT\r\nConnection:\x20Close\r\nContent-Length:\x200\r\n\r\n&quot;)%r(HTTPOptions,24,&quot;HTTP/1\.1\x20405\x20\r\nContent-Length:\x200\r\n\r\n&quot;)%r(RTSPRequest,24,&quot;HTTP/1\.1\x20405\x20\r\nContent-Length:\x200\r\n\r\n&quot;)%r(RPCCheck,24,&quot;HTTP/1\.1\x20405\x20\r\nContent-Length:\x200\r\n\r\n&quot;)%r(DNSVersionBindReqTCP,24,&quot;HTTP/1\.1\x20405\x20\r\nContent-Length:\x200\r\n\r\n&quot;)%r(DNSStatusRequestTCP,24,&quot;HTTP/1\.1\x20405\x20\r\nContent-Length:\x200\r\n\r\n&quot;)%r(Hello,24,&quot;HTTP/1\.1\x20405\x20\r\nContent-Length:\x200\r\n\r\n&quot;)%r(Help,24,&quot;HTTP/1\.1\x20405\x20\r\nContent-Length:\x200\r\n\r\n&quot;)%r(SSLSessionReq,24,&quot;HTTP/1\.1\x20405\x20\r\nContent-Length:\x200\r\n\r\n&quot;)%r(TerminalServerCookie,24,&quot;HTTP/1\.1\x20405\x20\r\nContent-Length:\x200\r\n\r\n&quot;)%r(TLSSessionReq,24,&quot;HTTP/1\.1\x20405\x20\r\nContent-Length:\x200\r\n\r\n&quot;)%r(SSLv23SessionReq,24,&quot;HTTP/1\.1\x20405\x20\r\nContent-Length:\x200\r\n\r\n&quot;)%r(Kerberos,24,&quot;HTTP/1\.1\x20405\x20\r\nContent-Length:\x200\r\n\r\n&quot;)%r(SMBProgNeg,24,&quot;HTTP/1\.1\x20405\x20\r\nContent-Length:\x200\r\n\r\n&quot;)%r(X11Probe,24,&quot;HTTP/1\.1\x20405\x20\r\nContent-Length:\x200\r\n\r\n&quot;)%r(FourOhFourRequest,AC,&quot;HTTP/1\.1\x20404\x20\r\nContent-Type:\x20text/xml;\x20charset=\&quot;utf-8\&quot;\r\nServer:\x20Linux\x20UPnP/1\.0\x20Huawei-ATP-IGD\r\nDate:\x20Sat,\x2011\x20May\x202024\x2019:28:14\x20GMT\r\nConnection:\x20Close\r\nContent-Length:\x200\r\n\r\n&quot;)%r(LPDString,24,&quot;HTTP/1\.1\x20405\x20\r\nContent-Length:\x200\r\n\r\n&quot;)%r(LDAPSearchReq,24,&quot;HTTP/1\.1\x20405\x20\r\nContent-Length:\x200\r\n\r\n&quot;)%r(LDAPBindReq,24,&quot;HTTP/1\.1\x20405\x20\r\nContent-Length:\x200\r\n\r\n&quot;)%r(SIPOptions,24,&quot;HTTP/1\.1\x20405\x20\r\nContent-Length:\x200\r\n\r\n&quot;)%r(LANDesk-RC,24,&quot;HTTP/1\.1\x20405\x20\r\nContent-Length:\x200\r\n\r\n&quot;)%r(TerminalServer,24,&quot;HTTP/1\.1\x20405\x20\r\nContent-Length:\x200\r\n\r\n&quot;);" method="probed" conf="10"/></port>
</ports>
<os><portused state="open" proto="tcp" portid="80"/>
<portused state="closed" proto="tcp" portid="1"/>
<portused state="closed" proto="udp" portid="44465"/>
<osmatch name="Linux 3.12 - 4.10" accuracy="96" line="63724">
<osclass type="general purpose" vendor="Linux" osfamily="Linux" osgen="3.X" accuracy="96"><cpe>cpe:/o:linux:linux_kernel:3</cpe></osclass>
<osclass type="general purpose" vendor="Linux" osfamily="Linux" osgen="4.X" accuracy="96"><cpe>cpe:/o:linux:linux_kernel:4</cpe></osclass>
</osmatch>
<osmatch name="Linux 3.16" accuracy="96" line="64298">
<osclass type="general purpose" vendor="Linux" osfamily="Linux" osgen="3.X" accuracy="96"><cpe>cpe:/o:linux:linux_kernel:3.16</cpe></osclass>
</osmatch>
<osmatch name="ASUS RT-N56U WAP (Linux 3.4)" accuracy="95" line="8398">
<osclass type="WAP" vendor="Asus" osfamily="embedded" accuracy="95"><cpe>cpe:/h:asus:rt-n56u</cpe></osclass>
<osclass type="WAP" vendor="Linux" osfamily="Linux" osgen="3.X" accuracy="95"><cpe>cpe:/o:linux:linux_kernel:3.4</cpe></osclass>
</osmatch>
<osmatch name="Western Digital My Cloud DL4100 NAS (Linux 3.10)" accuracy="93" line="104998">
<osclass type="storage-misc" vendor="Western Digital" osfamily="embedded" accuracy="93"/>
<osclass type="general purpose" vendor="Linux" osfamily="Linux" osgen="3.X" accuracy="93"><cpe>cpe:/o:linux:linux_kernel:3.10</cpe></osclass>
</osmatch>
<osmatch name="Linux 3.1" accuracy="93" line="62917">
<osclass type="general purpose" vendor="Linux" osfamily="Linux" osgen="3.X" accuracy="93"><cpe>cpe:/o:linux:linux_kernel:3.1</cpe></osclass>
</osmatch>
<osmatch name="Linux 3.2" accuracy="93" line="64664">
<osclass type="general purpose" vendor="Linux" osfamily="Linux" osgen="3.X" accuracy="93"><cpe>cpe:/o:linux:linux_kernel:3.2</cpe></osclass>
</osmatch>
<osmatch name="AXIS 210A or 211 Network Camera (Linux 2.6.17)" accuracy="92" line="61815">
<osclass type="webcam" vendor="Linux" osfamily="Linux" osgen="2.6.X" accuracy="92"><cpe>cpe:/o:linux:linux_kernel:2.6.17</cpe></osclass>
<osclass type="webcam" vendor="AXIS" osfamily="embedded" accuracy="92"><cpe>cpe:/h:axis:210a_network_camera</cpe><cpe>cpe:/h:axis:211_network_camera</cpe></osclass>
</osmatch>
<osmatch name="Linux 3.10 - 4.1" accuracy="92" line="63404">
<osclass type="general purpose" vendor="Linux" osfamily="Linux" osgen="3.X" accuracy="92"><cpe>cpe:/o:linux:linux_kernel:3</cpe></osclass>
<osclass type="general purpose" vendor="Linux" osfamily="Linux" osgen="4.X" accuracy="92"><cpe>cpe:/o:linux:linux_kernel:4</cpe></osclass>
</osmatch>
<osmatch name="Linux 3.2.0" accuracy="92" line="65352">
<osclass type="general purpose" vendor="Linux" osfamily="Linux" osgen="3.X" accuracy="92"><cpe>cpe:/o:linux:linux_kernel:3.2.0</cpe></osclass>
</osmatch>
<osmatch name="Kemp LoadMaster LM-2400 Firmware 7.1" accuracy="92" line="66511">
<osclass type="load balancer" vendor="Linux" osfamily="Linux" osgen="3.X" accuracy="92"><cpe>cpe:/o:linux:linux_kernel:3</cpe></osclass>
<osclass type="load balancer" vendor="Kemp" osfamily="embedded" accuracy="92"><cpe>cpe:/h:kemp:loadmaster_2400</cpe></osclass>
</osmatch>
<osfingerprint fingerprint="OS:SCAN(V=7.93%E=4%D=5/11%OT=80%CT=1%CU=44465%PV=Y%DS=1%DC=D%G=Y%M=681324%T&#xa;OS:M=663F9D01%P=aarch64-unknown-linux-gnu)SEQ(SP=103%GCD=1%ISR=10E%TI=Z%CI=&#xa;OS:I%II=I%TS=U)OPS(O1=M5B4NNSNW6%O2=M5B4NNSNW6%O3=M5B4NW6%O4=M5B4NNSNW6%O5=&#xa;OS:M5B4NNSNW6%O6=M5B4NNS)WIN(W1=7210%W2=7210%W3=7210%W4=7210%W5=7210%W6=721&#xa;OS:0)ECN(R=Y%DF=Y%T=40%W=7210%O=M5B4NNSNW6%CC=Y%Q=)T1(R=Y%DF=Y%T=40%S=O%A=S&#xa;OS:+%F=AS%RD=0%Q=)T2(R=N)T3(R=N)T4(R=Y%DF=Y%T=40%W=0%S=A%A=Z%F=R%O=%RD=0%Q=&#xa;OS:)T5(R=Y%DF=Y%T=40%W=0%S=Z%A=S+%F=AR%O=%RD=0%Q=)T6(R=Y%DF=Y%T=40%W=0%S=A%&#xa;OS:A=Z%F=R%O=%RD=0%Q=)T7(R=Y%DF=Y%T=40%W=0%S=Z%A=S+%F=AR%O=%RD=0%Q=)U1(R=Y%&#xa;OS:DF=N%T=40%IPL=164%UN=0%RIPL=G%RID=G%RIPCK=G%RUCK=G%RUD=G)IE(R=Y%DFI=N%T=&#xa;OS:40%CD=S)&#xa;"/>
</os>
<distance value="1"/>
<tcpsequence index="259" difficulty="Good luck!" values="B0FFECE5,1B3733ED,70764F78,EFE24C39,C6F6ADCA,17DFEFBD"/>
<ipidsequence class="All zeros" values="0,0,0,0,0,0"/>
<tcptssequence class="none returned (unsupported)"/>
<times srtt="1658" rttvar="1199" to="100000"/>
</host>
<runstats><finished time="1715444993" timestr="Sat May 11 19:29:53 2024" summary="Nmap done at Sat May 11 19:29:53 2024; 1 IP address (1 host up) scanned in 103.25 seconds" elapsed="103.25" exit="success"/><hosts up="1" down="0" total="1"/>
</runstats>
</nmaprun>
